burrito3,53
mule3,30
asbo,27
asea,22
rebla,20
speedo,20
manchez2,16
argento,15
bf400,14
dilettante,14
caracara2,13
bmx,12
panto,12
vagrant,11
elegy,10
nightblade,9
scorcher,9
enduro,9
faggio,9
powersurge,8
blazer,8
club,8
everon,8
gargoyle,7
nspeedo,7
buffalo4,7
seashark,7
jugular,7
minivan,6
krust,6
euros,6
rumpo,6
zombiev8,5
granger,5
remus,5
sheava,5
dubsta3,5
kanjo,5
ratbike,5
issi2,5
deviant,5
gburrito2,5
hustler,5
chino2,5
weevil,5
sultan3,5
emperor,5
hellion,5
yosemite3,5
bison,5
hermes,5
zombieb,5
bfinjection,5
zr350,5
kamacho,5
gauntlet4,5
buccaneer2,4
felon,4
ingot,4
akuma,4
faggio2,4
hakuchou,4
sentinel3,4
hakuchou2,4
komoda,4
vigero2,4
baller7,4
dloader,4
baller3,4
fixter,4
italigto,4
retinue2,4
avarus,4
furia,4
clique,4
cliffhanger,4
futo,4
sentinel,3
patriot3,3
calico,3
dominator,3
jester4,3
rhinehart,3
faction2,3
mesa3,3
asterope,3
bati,3
paradise,3
flashgt,3
yosemite2,3
sadler,3
dubsta,3
tempestaes,3
youga3,3
paragon,3
growler,3
toros,3
dominator7,3
jester3,3
tailgater2,3
esskey,3
surfer3,3
vindicator,3
diablous2,3
comet2,3
sugoi,3
riata,3
comet7,3
deity,3
sanctus,3
schlagen,3
manana2,3
omnisegt,2
tailgater,2
gauntlet,2
kanjosj,2
rt3000,2
zodiac,2
dubsta2,2
vstr,2
bagger,2
slamvan3,2
eudora,2
boor,2
zodiacr,2
daemon2,2
moonbeam2,2
voodoo,2
fcr2,2
sandking,2
f620,2
vectre,2
panthere,2
bobcatxl,2
italirsx,2
dinghy,2
journey,2
draftgpr,2
issi3,2
specter2,2
vortex,2
premier,2
speedo4,2
comet3,2
cinquemila,2
impaler,2
zodiacc,2
landstalker2,2
blazer3,2
ignus,2
entity2,2
sentinel4,2
buccaneer,2
lynxgpr,2
iwagen,2
manana,2
cogcabrio,2
buffalo2,2
zombiea,2
dominator3,2
felon2,2
sultan,2
faction3,2
granger2,2
slamvan,2
paradrop,2
double,2
stratum,2
patriot2,2
kalahari,2
carbonrs,2
alpha,2
xa21,2
daemon,1
visione,1
schafter2,1
journey2,1
brioso2,1
brioso,1
hotknife,1
entity3,1
dominator8,1
windsor,1
rhapsody,1
raiden,1
coach2,1
faggio3,1
tenf,1
primo,1
phoenix,1
virgo,1
warrener2,1
youga2,1
tenf2,1
fagaloa,1
r300,1
bison2,1
nero2,1
t20,1
shotaro,1
banshee2,1
seven70,1
ellie,1
comet5,1
lynx,1
blade,1
nemesis,1
innovation,1
oracle,1
previon,1
novak,1
wolfsbane,1
ratloader2,1
torero2,1
krieger,1
futo2,1
corsita,1
jubilee,1
freecrawler,1
impaler3,1
michelli,1
cavalcade2,1
faction,1
primo2,1
nebula,1
fdtruck,1
zorrusso,1
sentinel2,1
stafford,1
tulip,1
vagner,1
sultanrs,1
comet6,1
gresley,1
neon,1
virgo2,1
neo,1
moonbeam,1
elegy2,1
greenwood,1
tornado,1
astron,1
yosemite,1
lpchopper2,1
rebel2,1
oracle2,1
gauntlet5,1
stalion,1
glendale,1
tornado5,1
bati2,1
feltzer3,1
patriot,1
blista,1
fcr,1
mamba,1
gauntlet3,1
feltzer2,1
vamos,1
surge,1
longfin,1
fugitive,1
baller5,1
taco,1
drafter,1
suntrap,1
reaper,1
exemplar,1
donkey,1
brawler,1
schafter3,1
champion,1
dukes3,1
pariah,1