burrito3,57
mule3,33
asbo,25
asea,22
speedo,20
rebla,19
manchez2,16
argento,15
bf400,15
dilettante,15
caracara2,14
panto,14
bmx,12
vagrant,11
nightblade,10
elegy,10
enduro,9
scorcher,9
faggio,9
powersurge,8
buffalo4,8
everon,8
blazer,8
club,8
krust,7
nspeedo,7
gargoyle,7
seashark,7
jugular,7
minivan,7
sultan3,6
gburrito2,6
rumpo,6
emperor,6
euros,6
zombiev8,6
nemesis,5
chino2,5
sheava,5
kanjo,5
deviant,5
issi2,5
weevil,5
faggio2,5
granger,5
gauntlet4,5
hellion,5
yosemite3,5
komoda,5
diablous2,5
zombieb,5
dubsta3,5
ratbike,5
futo,4
akuma,4
clique,4
cliffhanger,4
hustler,4
hakuchou,4
sentinel3,4
hakuchou2,4
paragon,4
rhinehart,4
dloader,4
ingot,4
bfinjection,4
italigto,4
sadler,4
zr350,4
kamacho,4
jester3,4
dominator7,4
baller7,4
vigero2,4
buccaneer2,4
faction2,4
schlagen,4
furia,4
manana2,3
mesa3,3
patriot3,3
paradise,3
retinue2,3
dominator,3
hermes,3
flashgt,3
sugoi,3
bison,3
toros,3
jester4,3
vindicator,3
bati,3
granger2,3
calico,3
yosemite2,3
dubsta,3
tempestaes,3
youga3,3
avarus,3
baller3,3
growler,3
stratum,3
surfer3,3
sentinel,3
tailgater2,3
esskey,3
fixter,3
comet2,3
comet3,3
remus,3
youga2,3
riata,3
fcr,3
deity,3
sanctus,3
felon,3
patriot2,2
issi3,2
alpha,2
asterope,2
gauntlet,2
premier,2
speedo4,2
omnisegt,2
tailgater,2
rt3000,2
cinquemila,2
dubsta2,2
eudora,2
boor,2
slamvan3,2
blazer3,2
zodiacr,2
moonbeam2,2
voodoo,2
ignus,2
sandking,2
f620,2
panthere,2
sentinel4,2
buccaneer,2
vectre,2
italirsx,2
dinghy,2
draftgpr,2
cogcabrio,2
specter2,2
buffalo2,2
vortex,2
sultan,2
kanjosj,2
bagger,2
landstalker2,2
zodiacc,2
entity2,2
iwagen,2
kalahari,2
brawler,2
carbonrs,2
lynxgpr,2
xa21,2
felon2,2
zombiea,2
dominator3,2
vstr,2
zodiac,2
comet7,2
faction3,2
slamvan,2
fcr2,2
impaler,2
paradrop,2
bobcatxl,2
double,2
lynx,1
blade,1
innovation,1
champion,1
dukes3,1
journey2,1
entity3,1
futo2,1
windsor,1
raiden,1
michelli,1
corsita,1
primo2,1
phoenix,1
virgo,1
tornado5,1
daemon2,1
fagaloa,1
r300,1
t20,1
Zion3,1
stafford,1
specter,1
vagner,1
banshee2,1
sultanrs,1
comet6,1
manana,1
ellie,1
neo,1
elegy2,1
greenwood,1
tornado,1
previon,1
novak,1
wolfsbane,1
lpchopper2,1
ratloader2,1
oracle,1
krieger,1
oracle2,1
gauntlet5,1
torero2,1
impaler3,1
glendale,1
freecrawler,1
faction,1
bati2,1
nebula,1
fdtruck,1
zorrusso,1
sentinel2,1
zentorno,1
baller5,1
reaper,1
exemplar,1
donkey,1
virgo2,1
pariah,1
daemon,1
visione,1
schafter3,1
neon,1
moonbeam,1
brioso2,1
brioso,1
hotknife,1
astron,1
dominator8,1
yosemite,1
rhapsody,1
rebel2,1
coach2,1
stalion,1
tenf,1
primo,1
faggio3,1
jubilee,1
warrener2,1
cavalcade2,1
patriot,1
blista,1
bison2,1
tenf2,1
feltzer3,1
gauntlet3,1
italigtb,1
shotaro,1
nero2,1
mamba,1
surge,1
longfin,1
seven70,1
tulip,1
feltzer2,1
vamos,1
drafter,1
suntrap,1
journey,1
comet5,1
taco,1