casinochips,1953927
empty_weed_bag,312009
cokebaggy,125166
joint,102992
ocb_paper,74171
coca_leaf,36180
dollar10,28861
lsd,27608
glass,26859
aluminum,25258
copper,23716
rubber,23334
water_bottle,21445
cloth,21172
dollar1,20345
dollar100,19403
bakingsoda,18187
plastic,16282
metalscrap,16263
paper,15766
iron,13121
marijuana,11294
steel,10599
grapes,9618
gummies,9168
oxy,8479
bandage,7905
goldflakes,6572
corncob,6373
coke,6236
wood_plank,5975
banana_kush_joint,5557
advancedlockpick,5551
recyclablematerial,5533
fishbait,5465
charcoal,5433
electronickit,4844
gunpowder,4784
blue_dream_joint,4650
lockpick,4618
sugar_bag,4319
egg,3918
flour,3794
shrimp,3542
og_kush_joint,3432
earbuds,3426
syringe,3411
fishingbait,3390
euro,3314
sandwich,3257
cannabis,2927
moonshine,2855
pigment,2779
marlborocig,2756
pistol_ammo,2722
raw_sausage,2523
coins,2386
greenpepper,2346
redw,2322
redwcig,1947
apple,1820
tomato,1753
purple_haze_joint,1749
chilipepper,1480
tree_bark,1430
hash_brownie,1346
bottle,1313
beer,1271
banana_kush_chocolate,1110
lsa,1104
can,1031
chemicals,971
meatlover_pizza_slice,939
cubancigar,927
energydrink,866
sparkplugs,858
carbattery,856
pumpkinpiebox,843
newoil,841
axleparts,840
blula,827
10kgoldchain,822
paydirt,809
og_kush_chocolate,773
vape,752
poppyresin,751
raw_bacon,747
bag_of_candy,746
skin_cow,743
strawberry,730
spray,729
chocolate_muffin,725
rolex,715
diamond_ring,704
donut,704
laptop,693
heroin,679
aluminumoxide,673
marlboro,662
lighter,658
stolen_shoes,653
meth,643
rawpumpkin,635
tosti,628
purple_haze_chocolate,625
kurkakola,623
twerks_candy,601
kittysmoothy_apple,545
screwdriverset,531
cleaningkit,513
coupon2,504
cookie,495
poptarts,493
coupon3,489
bluedream_chocolate,488
hydrochloric_acid,484
printerdocument,468
raw_pork,462
sugar,458
snikkel_candy,457
bbobatea,449
coupon4,447
sodium_hydroxide,444
dog_treats,443
milk,442
coupon1,438
sulfuric_acid,432
coffee_cup,430
monopoly,427
goldchain,418
banana_kush_bag,414
apple_juice,413
tray,413
vodka,398
bento,397
stolen_watch,396
banana_kush,392
coupon5,390
tablet,390
logger,389
kittysmoothy_banana,383
meatlover_pizza,379
whiskey,378
payticket,376
spray_remover,376
ironoxide,376
pbobatea,363
kittysmoothy_blue,354
obobatea,353
kittysmoothy_orange,353
rum,350
empty_evidence_bag,350
davidoffcigar,345
razor,331
odds_ticket,330
meat_cow,329
kittysmoothy_straw,328
shotgun_ammo,319
golddirt,319
lemon_cake,310
bobatea,293
dog_bone,288
icecoffee,285
stolen_creditcard,280
blue_dream,279
gmochi,273
phone,272
pizza,264
pineapple,263
filled_evidence_bag,258
og_kush,255
driver_license,254
id_card,254
gbobatea,249
nekocookie,247
catcoffee,243
pmochi,243
omochi,241
fishingtin,240
housewhite,238
raw_ham,229
ziptie,228
thermite,225
pisswasser,224
dolceto,219
blue_dream_bag,219
coke_small_brick,218
adderall,217
radio,216
noodlebowl,215
bmochi,215
purrito,208
fishingkey,208
key_lime_pie,208
hawaii_pizza_slice,206
grapejuice,203
hotdog_bun,200
hotdog,200
vitamins,199
ballas_soda,197
shot,196
painkillers,196
fish,195
housered,194
pig_leather,193
barrel_tool,192
smg_ammo,191
sakura_melon,190
nekolatte,187
nekodonut,187
fishingrod,187
weed_nutrition,186
rifle_ammo,186
amarone,184
sushibox,183
gatecrack,181
skin_shark,176
chocolate,175
finescale,174
meat_deer,173
weapon_bottle,173
carbonara,172
spring_rolls,171
sprunk,171
cryptostick,170
rosso,169
barbera,167
sakura_mango,162
sakura_papaya,160
weapon_petrolcan,159
og_kush_bag,159
riceball,158
thionyl_chloride,156
ifaks,153
calzone,148
bolognese,146
purple_haze,144
lsd_key,140
stolen_wallet,140
weapon_knife,139
ecola,139
hackingdevice,138
mocha,137
ecolalight,137
notepad,136
sprunklight,135
shroom_bag,135
fry_mix,133
weapon_snspistol_blueprint,133
shroom,133
photo,130
champagne_glass,130
pancake,130
ramen,128
soybeans,125
alfredo,124
cakepop,123
coke_key,123
calamari,123
drill,121
cake,121
pearlscard,118
weapon_golfclub,118
purrcake_blue,117
karamel_popcorn,116
handcuffs,116
riceball2,116
pasta_pesto,116
weapon_pistol,112
sake,107
meat_shark,106
screwdriver,105
champagne,104
samsungphone,104
opium_knife,102
engine_block_1,101
candycane3,101
burgerbun,100
groundbeef,100
mackerel,97
fry_noodles,95
engine_block_5,95
goldnugget,94
purrcake_straw,94
dusche,94
transmission_housing_2,93
transmission_housing_4,92
sauce,91
skin_deer,88
mozz,87
weapon_crowbar,87
engine_block_2,86
cowboy_toast,85
transmission_housing_1,84
gingerbread,83
gpshackingdevice,82
kevlar,81
meat_boar,81
bag_large,80
sparetire,80
tj_special,80
orange,79
gin,78
weapon_snspistol,75
fakeplate,73
dough,73
mojito,72
boxcutter,72
alla,72
meat_mtlion,71
purple_haze_bag,70
engine_block_3,70
scampy,70
curaco,70
mastercard,68
camera,67
mechanic_tools,67
pizzadough,67
fishingboot,66
nachos2,66
scotch,65
weapon_flashlight,65
weapon_bat,64
iphone,64
weapon_knuckle,64
sickle,63
brown_iki,63
light_iki,63
vegetariana,63
butter,62
buddha_beer,62
security_card_03,61
heroin_key,61
binoculars,61
tricolore,60
hawaii_pizza,60
storage_box,59
medfruits,59
weed_brick,59
gym_membership,59
trimming_scissors,58
toolbox,57
keychain,57
underglow_controller,57
coupon6,57
dark_iki,57
sliders,57
weapon_wrench,56
wallet,55
glogg,55
pasta,55
icream,54
weapon_battleaxe,53
tj_special_slice,53
weapon_hammer,52
water_cup,52
sharktiger,51
turbo_impeller,50
cranberry,50
olives,50
ambeer,48
diving_gear,48
transmission_gasket,48
suspension_springs,48
meatball,48
turbo_housing,47
suspension_damper,47
meth_key,46
ship_paper,46
lettuce,46
pescatore,46
white_russian,45
kq_angle_grinder,45
gift,45
transmission_gears,45
suspension_top,45
tri_ice,44
miso,44
chavelavagem,43
casino_burger,43
access_tag,43
ruby,43
rum_cola,42
miningpermit,42
diamond,42
skin_mtlion,41
oxycutter,41
tramadol,40
visa,39
fishicebox,39
meat_rabbit,39
weapon_stungun,39
goldingot,39
sharkhammer,37
jerry_can,37
salami,37
skin_stingray,36
transmission_housing_3,35
paintcan,34
engine_block_4,34
gelato,34
margheritabox,34
cheese,34
noscan,33
pisswasser2,33
dolphin,33
engine_cover,33
emptycowbucket,33
vegetarianabox,33
ibuprofen,32
weapon_switchblade,32
tint_supplies,32
black_diamond,32
firstaid,32
gin_hass,31
coffee,31
onion,31
wunderbaum,30
weapon_nightstick,30
prosciuttio,30
capricciosabox,30
marinarabox,30
snp_ammo,29
markedbills,29
opal,29
shovel,28
tiramisu,28
codfish,28
engine_pan,28
pink_diamond,28
armor,28
tequila,27
liquidmix,27
preworkout,27
boostingtablet,27
weapon_pistol_blueprint,26
meat_stingray,26
goldpan,25
notepadpage,25
racingtablet,25
schnapps,25
diavolabox,25
potato,25
garlic,25
weapon_poolcue,24
livery,24
huntinglicense,24
trojan_usb,24
meat_coyote,24
prosciuttiobox,24
icecubes,23
chestkey,23
heavyarmor,23
dark_storm,22
whippedcream,22
weapon_combatpistol,22
rolling_paper,22
wunderbaum3,22
sertralin,22
bag_small4,21
cigar,21
redrene,21
wunderbaum2,21
emerald,21
vodka_sprunk,20
ducttape,20
fishinglure,20
engine_head,20
bass,20
pisswasser3,20
crisps,20
pizzmushrooms,20
canofcorn,20
briefcase2,19
weapon_combatpistol_blueprint,19
skateboard,19
blux,19
stickynote,18
rims,18
weaponlicense,18
chair64,18
spikestrip,18
pina_colada,17
fitbit,17
seat,17
eelfish,17
spoiler,17
hotdog_cooked,17
meat,17
pizzabase,17
weedplant_seedf,17
straw_dai,16
mechboard,16
weapon_pumpshotgun,16
stack_of_chips,16
rollcage,16
hood,16
skirts,15
externals,15
hackingphone,15
bumper,15
stingray,15
basil,15
realestatedocument,15
roof,14
hotsauce,14
liquid,14
casino_coke,13
internals,13
usb_green,13
fishinglootbig,13
tree_lumber,13
exhaust,13
sapphire,13
ballas_lighter,13
skin_rabbit,12
chair62,12
gold_phone,12
salt_pringles,12
goldbar,11
ammunation_membership,11
briefcase,11
pro-reel,11
mail_package,11
flounder,11
skin_boar,11
snowflake_cookie,11
weapon_carbinerifle,11
wine,10
weapon_musket,10
tigershark,10
repairkit,10
black_phone,10
anchor,9
weapon_smg,9
customplate,9
tires,9
police_stormram,9
skin_coyote,9
tillie,9
ginger_beer,9
sludgie,9
b52,9
bong,8
horn,8
weapon_sniperrifle,8
bbq5,8
milkbucket,8
pasta_2,8
olive_oil,8
premiumpaydirt,8
weapon_hatchet,7
wheelchair,7
weapon_vintagepistol,7
boombox,7
fishingloot,7
weapon_heavypistol,6
fishingrod2,6
jackolantern,6
headbag,6
nos,6
ham,6
oilp1,6
pink_phone,6
lime,6
chair63,6
alco_tester,6
redwine,5
parachute,5
bag_small,5
burgerpatty,5
coke_brick,5
bluefish,5
bbq4,5
antilag,5
peanuts,5
transmission3,4
killerwhale,4
weapon_dbshotgun,4
weedplant_packedweed,4
fishinglure2,4
fishingrod3,4
weapon_machinepistol,4
stripedbass,4
painting_01,4
painting_09,4
weapon_heavypistol_blueprint,4
skin_whale,4
pesto,4
cooked_deer,4
suspension4,4
bag_small3,4
iflag,4
redfish,4
sbullet,3
weapon_sawnoffshotgun,3
captainskull,3
swordfish,3
painting_02,3
painting_03,3
yellow-diamond,3
laptop_green,3
noscolour,3
suspension3,3
brakes1,3
transmission2,3
brakes3,3
whitewine,3
drifttires,3
headlights,3
bbq2,3
bag_oxy,3
ccookie,3
meat_chicken,3
largemouthbass,3
bbq1,3
weapon_fireextinguisher,3
engine4,2
turbo,2
treasurechest,2
goldfish,2
bag_small2,2
weapontint_gold,2
chemicalvapor,2
methtray,2
engine2,2
painting_07,2
painting_06,2
painting_05,2
harness,2
weapon_dbshotgun_blueprint,2
weapon_sawnoffshotgun_blueprint,2
casino_luckypotion,2
tunerlaptop,2
og_kush_oil,2
purple_haze_oil,2
bluedream_oil,2
banana_kush_oil,2
bag_weed,2
weedplant_seedm,2
fishtacklebox,2
mint2,2
salmon,2
catfish,2
cooked_boar,2
tvremote,1
blue_phone,1
medtable,1
sexontheblanket,1
weapontint_pink,1
weapontint_green,1
weapontint_plat,1
weapontint_orange,1
car_armor,1
painting_08,1
weapon_machinepistol_blueprint,1
casino_beer,1
meat_whale,1
stew,1
candycane1,1
voodoo,1
engine3,1
brakes2,1
security_card_01,1
keys,1
cylind1,1
mollie_cup,1
weed_press,1
weapon_assaultrifle,1
red_phone,1
moneybag,1
oilp2,1
weapon_revolver,1
suspension1,1
easter_diplom2023,1
easter_trophy_2023,1
kahlua,1
bailey,1
mango_syrup,1
coconut,1
rosevin,1
bodytq,1
nori,1
noodles,1
bluemoon,1
gholfish,1
fishnchips,1
woowoo,1
casino_coffee,1
lawyerpass,1
weapon_pistol50,1